aw,sucrose,glucose
0.965191780,0.218000000,0.011000000
0.932018464,0.315000000,0.016000000
0.900120424,0.426000000,0.021000000
0.869443583,0.525000000,0.026000000
0.839936356,0.577000000,0.029000000
0.825605879,0.606000000,0.030000000
0.784236140,0.669000000,0.033000000
0.745181267,0.753000000,0.038000000
0.784236140,0.773000000,0.039000000
