aw,glucose,fructose
0.965191780,0.024000000,0.024000000
0.948442231,0.033000000,0.033000000
0.900120424,0.055000000,0.055000000
0.884632635,0.109000000,0.109000000
0.869443583,0.159000000,0.159000000
0.839936356,0.219000000,0.219000000
0.811549529,0.272000000,0.272000000
0.757951368,0.322000000,0.327000000
0.599397747,0.387000000,0.387000000
0.508954998,0.419000000,0.419000000
