aw,sucrose
0.996000000,0.002762310
0.992000000,0.005813700
0.988000000,0.009202054
0.983000000,0.012986451
0.971000000,0.022057878
0.955000000,0.033896870
