aw,lactose
0.999000000,0.000531331
0.997000000,0.001625079
0.995000000,0.002762334
0.992000000,0.004555650
