aw,fructose
0.991000000,0.010988649
0.985000000,0.017340473
0.961000000,0.041094578
0.935000000,0.062498049
