aw,sorbitol
0.900465403,0.081890000
0.987035880,0.010419000
0.836967072,0.123420000
0.940744430,0.050367000
0.736942223,0.179800000
0.928751118,0.060300000
0.625628314,0.241100000
