aw,erythritol
0.933701907,0.060320000
0.962376538,0.034479000
0.921855753,0.070530000
0.956111846,0.040172000
0.883510791,0.101100000
0.944864832,0.050260000
0.847867216,0.127500000
