aw,raffinose
0.991776444,0.005508000
0.971132391,0.020099000
0.944612562,0.031240000
0.917829952,0.041490000
