aw,xylitol
0.953420971,0.040820000
0.976409028,0.020833000
0.943824220,0.050570000
0.965361727,0.030270000
0.930611606,0.061080000
