aw,dl_alanine
0.997776552,0.001525323
0.996812499,0.002236027
0.994745402,0.003736661
0.991730182,0.005993407
0.989253995,0.007871257
