aw,l_threonine
0.997826611,0.001825162
0.995851731,0.003602540
0.993933440,0.005421715
0.992069991,0.007186318
0.990404825,0.008969442
