aw,dl_valine
0.997776964,0.001837726
0.995851459,0.003590020
0.993933150,0.005241701
0.991926858,0.007168561
0.990404976,0.008939363
