aw,l_proline
0.997873543,0.001852085
0.995996048,0.003622213
0.994125515,0.005423497
0.992309928,0.007227157
0.990644063,0.008967673
