aw,glycine
0.997970054,0.001773107
0.996861630,0.002712851
0.996140102,0.003468382
0.994556677,0.005017037
0.992739533,0.006779522
