aw,dl_methionine
0.998742345,0.001144428
0.998405131,0.001455274
0.998066766,0.001801828
0.997681053,0.002171459
0.997297785,0.002743309
