aw,l_isoleucine
0.998935743,0.000925103
0.998452704,0.001369047
0.997970132,0.001810803
0.996140619,0.003604328
0.995236429,0.004492427
