aw,hydroxy_l_proline
0.997921509,0.001580995
0.995995097,0.003121195
0.994219333,0.004672713
0.992401829,0.006203396
0.990686181,0.007841112
