aw,l_serine
0.997873460,0.001825162
0.995948009,0.003618636
0.994221849,0.005455572
0.992740657,0.007182767
0.991216125,0.008859733
