aw,xylitol
0.999106171,0.000912341
0.998139851,0.001874192
0.997339799,0.002669264
0.996432845,0.003569293
0.995588204,0.004405642
0.994432838,0.005548902
0.993749980,0.006222725
0.992863918,0.007096483
0.991786126,0.008157010
0.990849301,0.009077509
