aw,valine
0.997843982,0.001812598
0.995760998,0.003590020
0.995319153,0.004431723
0.994624825,0.005250614
0.992320918,0.006137562
0.991973754,0.007173889
0.991058504,0.008117675
