aw,d_glucose
0.961887858,0.011351990
0.937757863,0.024687538
0.941732301,0.039058082
0.918163719,0.060805772
0.880328059,0.088295955
0.813129422,0.132817240
