aw,d_glucose
0.962765758,0.011595422
0.939138923,0.025287664
0.942473991,0.039608066
0.919404559,0.061285904
0.881316685,0.089592659
0.818849493,0.135251094
