aw,d_glucose
0.967772152,0.011473585
0.939011239,0.024837074
0.953270300,0.038150309
0.924990488,0.061285904
0.887626702,0.089592659
0.830074775,0.133300156
