aw,d_glucose
0.973002068,0.011473585
0.948418929,0.024986940
0.965906198,0.037075365
0.921172574,0.061285904
0.881932937,0.089592659
0.829511671,0.134271747
