aw,d_glucose
0.976160536,0.011473585
0.948416323,0.025137136
0.948416323,0.038330985
0.918256166,0.061285904
0.895541441,0.089592659
0.825230625,0.134760445
