aw,d_fructose
0.961193597,0.011351990
0.943714836,0.025287664
0.913968941,0.042802348
0.901540322,0.064723415
0.861446430,0.094952627
0.808598580,0.135251094
