aw,d_glucose
0.965715800,0.011351990
0.940098688,0.024837074
0.950983218,0.039240964
0.925802074,0.061045503
0.887724329,0.089266905
0.819797445,0.133300156
