aw,d_fructose
0.959350005,0.011473585
0.935817097,0.026045322
0.922661046,0.043380153
0.890669802,0.065730885
0.862939392,0.097741424
0.816001344,0.136238289
