aw,d_glucose
0.956571133,0.011351990
0.937608462,0.024687538
0.952744615,0.039058082
0.919064387,0.061045503
0.890239313,0.088618558
0.825739373,0.132817240
