aw,d_fructose
0.953768570,0.011351990
0.937757863,0.025438525
0.918163719,0.042228849
0.902816371,0.064723415
0.862063727,0.095642821
0.806394832,0.135743704
