aw,d_glucose
0.964649886,0.011351990
0.945016907,0.024687538
0.933451142,0.039240964
0.933451142,0.061285904
0.874371644,0.088618558
0.812838756,0.132817240
