aw,d_fructose
0.967772152,0.011473585
0.942553489,0.025741251
0.921522020,0.042994469
0.907792997,0.065477937
0.871204138,0.095989654
0.817860493,0.135743704
