aw,d_fructose
0.962380028,0.011473585
0.944964226,0.025893118
0.927900948,0.043380153
0.917828910,0.064974205
0.872418254,0.097037172
0.817691079,0.135251094
