aw,d_glucose
0.964707928,0.011351990
0.938605743,0.024687538
0.949694524,0.038875645
0.924045061,0.060805772
0.885287831,0.088942206
0.825723600,0.133300156
