aw,d_fructose
0.964077014,0.011473585
0.939371687,0.025741251
0.925573235,0.043380153
0.905299251,0.065477937
0.872605337,0.096337653
0.814067375,0.135743704
