aw,d_fructose
0.960687198,0.011351990
0.937288770,0.025589721
0.918274836,0.042419540
0.907073094,0.064723415
0.867284506,0.095989654
0.809564667,0.135743704
