aw,d_fructose
0.965651149,0.011473585
0.941619226,0.025893118
0.931525797,0.043380153
0.914971982,0.064723415
0.867257590,0.097388703
0.822317285,0.134271747
