aw,d_glucose
0.974620455,0.011230637
0.953445963,0.024837074
0.949272705,0.038693651
0.936874246,0.060328308
0.885188089,0.088295955
0.815255188,0.132336228
