aw,d_fructose
0.956571133,0.011351990
0.937608462,0.025741251
0.915404905,0.042610705
0.900928758,0.064723415
0.865843566,0.096337653
0.812835644,0.136238289
