aw,d_fructose
0.962008872,0.011351990
0.940098688,0.025741251
0.922266024,0.042610705
0.904810836,0.065477937
0.867695129,0.095989654
0.807529505,0.136238289
