aw,d_fructose
0.957168340,0.011351990
0.934941688,0.025741251
0.916859496,0.042610705
0.909736309,0.065225711
0.868274174,0.096337653
0.813103942,0.136238289
