aw,d_glucose
0.970067386,0.011230637
0.948051235,0.024837074
0.952409746,0.037431955
0.922360240,0.060328308
0.877241625,0.088295955
0.808598580,0.132336228
