aw,d_glucose
0.967665396,0.011473585
0.942857204,0.024986940
0.949871785,0.037610895
0.922159199,0.061285904
0.882272476,0.089592659
0.829033521,0.133300156
