aw,d_fructose
0.949272705,0.011351990
0.932781506,0.025438525
0.920622038,0.042610705
0.896828095,0.064723415
0.862408538,0.095297147
0.804785356,0.135251094
