aw,glycine
0.996000000,0.005891565
0.990000000,0.012602985
0.983000000,0.019329958
0.978000000,0.025888204
0.972000000,0.032474615
0.966000000,0.040629717
0.960000000,0.047230969
