aw,dl_alanine
0.995000000,0.005178982
0.990000000,0.010595978
0.987000000,0.014470660
0.985000000,0.016496829
0.979000000,0.021973237
0.974000000,0.027751097
0.971000000,0.030668359
