aw,glutamic_acid
0.999862148,0.000136894
0.999711929,0.000286353
0.999587554,0.000408768
0.999458419,0.000538352
0.999261620,0.000739859
0.999094781,0.000912516
