aw,histidine
0.997942632,0.002065622
0.997192061,0.002927811
0.996692521,0.003427234
0.995977466,0.004163819
0.996009373,0.004113794
