aw,glucose
0.996000000,0.002513582
0.995000000,0.004905652
0.994000000,0.005024459
0.990000000,0.009861452
0.988000000,0.009851648
0.983000000,0.014020166
0.977000000,0.018307947
0.970000000,0.022396158
0.962000000,0.026535752
0.952000000,0.027132374
0.941000000,0.033423115
0.924000000,0.038404832
