pkpa,erythritol
9.5140,0.000000
8.8829,0.06032
9.1557,0.034479
8.7702,0.07053
9.0961,0.040172
8.4054,0.10110
8.9891,0.05026
8.0663,0.1275
