pkpa,xylitol
9.5140,0.000000
9.0705,0.04082
9.2892,0.020833
8.9792,0.05057
9.1841,0.030270
8.8535,0.06108
