pkpa,raffinose
9.5140,0.000000
9.4354,0.005508
9.2390,0.020099
8.9867,0.03124
8.7319,0.04149
