pkpa,sorbitol
9.5140,0.000000
8.5667,0.08189
9.3903,0.010419
7.9626,0.12342
8.9499,0.050367
7.0110,0.1798
8.8358,0.06030
5.9520,0.2411
