pkpa,fructose
9.5140,0.000000
8.1093,0.11557
9.2683,0.024570
7.7897,0.13659
9.2143,0.030031
7.4410,0.1731
9.0889,0.040284
7.1866,0.2324
8.6662,0.07624
