aw,lysine
0.996675199,0.003590020
0.993466036,0.007154355
0.990157957,0.010693281
0.986470237,0.014207068
0.982602216,0.017695983
0.975399754,0.024600246
0.968591869,0.031408131
0.956903982,0.043096018
0.940688019,0.059311981
0.925012498,0.074987502
0.909850844,0.090149156
