aw,maltose_monohydrate
0.998974129,0.001022193
0.997362441,0.002628633
0.995033350,0.004906451
0.993193989,0.006690657
0.990787122,0.009017211
0.987571687,0.012103556
0.982546856,0.016846967
0.976467846,0.022422125
0.949468932,0.044435225
