aw,sucrose
0.982266221,0.030274444
0.995278685,0.005491208
0.961324551,0.057599978
0.980563908,0.032451483
0.992993585,0.013106430
0.949039926,0.071577666
0.980130927,0.033302393
0.991296283,0.016033112
0.943506185,0.077494761
0.969529417,0.047538975
0.988363690,0.020904768
0.937142693,0.084229142
0.967114077,0.050604767
0.984180882,0.027431989
