aw,fructose
0.992000000,0.004875945
0.981000000,0.009508403
0.971000000,0.018288673
0.958000000,0.026753651
0.941000000,0.033824672
0.909000000,0.043234780
0.836000000,0.056032070
